{
  "version": "v2.0.0",
  "created_at": "2026-02-12T22:26:41.474199",
  "model_type": "GradientBoostingRegressor",
  "n_estimators": 200,
  "max_depth": 5,
  "learning_rate": 0.1,
  "feature_names": [
    "level",
    "gpa",
    "distance_km",
    "disability",
    "medical_condition",
    "financial_need",
    "first_generation",
    "international",
    "previous_housing",
    "semesters_completed",
    "academic_probation",
    "family_size",
    "family_income_bracket",
    "employment_hours",
    "gender_M",
    "gender_F",
    "gender_Other"
  ],
  "metrics": {
    "mse": 3.7326555013136993,
    "rmse": 1.9320081524966968,
    "mae": 1.4770176898071938,
    "r2": 0.9642579617872097,
    "mape": 1.6764199195147926,
    "cv_r2_mean": 0.9655295094941628,
    "cv_r2_std": 0.0012109236622170083
  },
  "feature_importance": {
    "level": 0.025544952873842945,
    "gpa": 0.029075055249304076,
    "distance_km": 0.6387800538622843,
    "disability": 0.01025019799089553,
    "medical_condition": 0.0052316430615853,
    "financial_need": 0.21051443823970947,
    "first_generation": 0.013952617345152267,
    "international": 0.00015836767650079207,
    "previous_housing": 0.00010712622259968127,
    "semesters_completed": 0.044001425288971524,
    "academic_probation": 0.01279895675428746,
    "family_size": 0.0002874208951759275,
    "family_income_bracket": 0.0007363628699930683,
    "employment_hours": 0.008336202350519144,
    "gender_M": 7.386632059716694e-05,
    "gender_F": 0.0001098147042763832,
    "gender_Other": 4.149829430487512e-05
  },
  "n_training_samples": 8000,
  "n_test_samples": 2000
}